timestamp;nome;ISIN;nav_text_it;nav_float
2026-10-07T23:01:03.088794;Is Bon Cap Stellantis 17.3844 55 130927;XS2651529708;286;286
2026-10-07T23:01:04.335509;Is Cc Volkswagen Pref 114.32 55 310528;XS2803386726;738,2;738.2
2026-10-07T23:01:05.582205;Is Bon Cap Airbus 152.954 55 310528;XS2803386056;992,42;992.42
2026-10-07T23:01:06.737003;Is Cc Puma/Adidas/Dk/Vf/Nike 60 310128;XS2733100296;773,32;773.32
2026-10-07T23:01:07.850593;Is Bon Cap Amazon Inc 207.84 55 291128;XS2922658328;966,22;966.22
2026-10-07T23:01:09.041356;Is Exp Unicredit 74.74 50 300130;XS3252185254;979,04;979.04
2026-10-07T23:01:10.199476;Btp Italia Nv28 Eur;IT0005517195;101,3;101.3
2026-10-07T23:01:11.421449;Btp Valore Gn27 Eur;IT0005547408;100,501;100.501
2026-10-07T23:01:12.567281;Btp Piu' Sc Fb33 Eur;IT0005634800;94,43;94.43
2026-10-07T23:01:13.716886;Cdp Mc Feb33 Eur;IT0005685562;96,75;96.75
2026-10-07T23:01:21.065222;Eurizon Manager Selection Fund - MS 40 R;LU0256013359;199,89;199.89
2026-10-07T23:01:27.516578;Eurizon Azioni America;IT0001050126;60,518;60.518
2026-10-07T23:01:34.311717;Eurizon Fund II - Q-Flexible R;LU0365359032;196,90;196.90
2026-10-07T23:01:38.924930;Eurizon Fund - Equity Innovation R;LU2050470348;237,01;237.01
2026-10-07T23:01:43.824477;Eurizon Fund - Active Allocation R;LU1092477741;137,34;137.34
2026-10-07T23:01:50.821741;Eurizon Fund - Top European Research R;LU1393923617;188,91;188.91
2026-10-07T23:01:59.572659;Eurizon Fund - Equity World Smart Volatility R;LU0114064917;191,13;191.13
2026-10-07T23:02:06.108307;Eurizon Fund - Sustainable Japan Equity R;LU1543693508;194,28;194.28
2026-10-07T23:02:11.914118;Eurizon Fund - Equity High Dividend R;LU2357531032;158,62;158.62
2026-10-07T23:02:18.097545;Eurizon Manager Selection Fund - MS 70 R;LU0256013789;294,36;294.36
2026-10-07T23:02:22.665211;Eurizon Next 2.0 - Diversificato 70 G;LU2178929886;162,34;162.34
2026-10-07T23:02:29.411367;Eurizon Fund - Asian Equity Opportunities R;LU2215043212;132,43;132.43
2026-10-07T23:02:35.865893;Eurizon Fund - Global Allocation R;LU2629378014;126,76;126.76
2026-10-07T23:02:43.099878;Eurizon Fund - Bond Italy Floating Rate LTE R;LU0457148293;146,05;146.05
2026-10-07T23:02:48.848190;Eurizon Step Active Trend 50 - Edizione 1-2026;IT0005684730;5,032;5.032
2026-10-07T23:02:54.781793;Eurizon Fund - Bond High Yield R;LU0114074718;260,16;260.16
2026-10-07T23:03:02.522476;Eurizon Soluzione 60 Classe A;IT0000380565;56,123;56.123
2026-10-07T23:03:10.954903;Eurizon Fund - Equity Circular Economy R;LU2357530570;143,61;143.61
2026-10-07T23:03:15.696526;Eurizon Step Active Trend 75 - Edizione 3;IT0005709123;5,023;5.023
2026-10-07T23:03:22.799367;Eurizon Fund - Top US Research RH;LU1344899445;273,33;273.33
2026-10-07T23:03:28.719500;Eurizon Bilanciato 50 - Edizione 2;IT0005609851;5,525;5.525
2026-10-07T23:03:34.116822;Eurizon PIR Obbligazionario - Edizione 9 Classe PIR;IT0005622276;5,038;5.038
2026-10-07T23:03:38.470906;Eurizon Progetto Italia 70 Classe PIR;IT0005241697;10,447;10.447
2026-10-07T23:03:38.909180;Covivio;FR0000064578;43,22;43.22
2026-10-07T23:03:40.230941;IGD;IT0005322612;3,725;3.725
2026-10-07T23:03:40.710984;Vanguard Lifestrateg 80% Equ Ucits Etf A;IE00BMVB5R75;44,855;44.855
2026-10-07T23:03:42.152304;Amundi Physical Gold Etc;FR0013416716;145,55;145.55
2026-10-07T23:03:43.522141;Vanguard S&P 500 Ucits Etf Acc;IE00BFMXXD54;134,57;134.57
2026-10-07T23:03:44.945138;Xtrackers Ii Eur Ovni Rate Swa Ucits Etf;LU0290358497;150,442;150.442
2026-10-07T23:03:45.623662;Vanguard Ftse All-World Ucits Etf A;IE00BK5BQT80;172,86;172.86
2026-10-07T23:03:46.984969;Xtrackers Msci World Ex Usa Ucits Etf;IE0006WW1TQ4;39,99;39.99
2026-10-07T23:03:48.392934;Ishares Core Msci Em Imi Ucits Etf Acc;IE00BKM4GZ66;49,41;49.41
2026-10-07T23:03:48.941949;Stellantis;NL00150001Q9;4,125;4.125
2026-10-07T23:03:50.175816;Volkswagen;DE0007664039;69,74;69.74
2026-10-07T23:03:51.568775;Airbus;NL0000235190;187,66;187.66
2026-10-07T23:03:52.816940;Puma;DE0006969603;23;23
2026-10-07T23:03:54.088307;Adidas;DE000A1EWWW0;147;147
2026-10-07T23:03:54.697411;Dick'S Sporting Goods Inc;US2533931026;2,51;2.51
2026-10-07T23:03:55.219373;V.F.;US9182041080;12,46;12.46
2026-10-07T23:03:56.637872;Nike;US6541061031;30,53;30.53
2026-10-07T23:03:57.200587;Amazon;US0231351067;230;230
2026-10-07T23:03:57.704851;Unicredit;IT0005239360;77,72;77.72
